users,movies,Movie Genre,Country ,Review
abahls0,Bill & Ted's Excellent Adventure,Adventure|Comedy|Sci-Fi,PT,1.3
rhallas1,Jeremiah Johnson,Western,PH,0.9
forsman2,"Mystic Masseur, The",Drama,SI,2.6
dcridlon3,Remember Me,Drama|Romance,SE,4.6
cinwood4,Our Man in Havana,Comedy|Drama|Thriller,ID,1.7
ttarply5,Justice League: The Flashpoint Paradox,Action|Adventure|Animation|Fantasy|Sci-Fi,PT,4.8
phalfacree6,Buried Alive,Film-Noir|Horror|Thriller,CN,2.9
lgannan7,Beauty of the Day (Belle de jour),Drama,KG,4.1
fwincom8,Class of Nuke 'Em High Part II: Subhumanoid Meltdown,Comedy|Horror|Sci-Fi,HR,0.1
laucutt9,Faust,Drama,DO,2.2
lbraidena,Hardcore,Drama,MK,3.4
gburleb,"Pan's Labyrinth (Laberinto del fauno, El)",Drama|Fantasy|Thriller,FR,0.3
mobroganec,Agenda: Grinding America Down,Documentary,CA,2.1
dannetsd,Dinner for One (Der 90. Geburtstag oder Dinner for One),Comedy,PS,2.1
athirske,"Love Bug, The",Children|Comedy,ID,4.8
dwinwardf,Cinema Verite,Drama,SE,4.3
jgrasnerg,Hannah Montana: The Movie,Comedy|Drama|Musical|Romance,VN,3.3
apennettih,Face to Face (Faccia a faccia),Adventure|Western,US,2.3
cdonei,"Desert Rats, The",Drama|War,CN,0.2
bquestj,Operación Cannabis,Action|Adventure|Comedy|Crime,SE,3.8
bgippk,Noise,Comedy|Drama,CN,0.2
ahyettl,Desperate Measures,Crime|Drama|Thriller,CN,4.3
smacdermidm,All In: The Poker Movie,Documentary,AR,2.6
pcahanin,Class,Comedy,ID,1.7
brigglesfordo,Pitkä kuuma kesä,Comedy|Drama,RS,4.5
ttravesp,Party Girl,Comedy,PE,4.1
agirodq,"Natural, The",Drama,NO,3.8
aloughnanr,51 Birch Street,Documentary,HN,4.3
jbentjenss,Alone with Her,Crime|Drama|Thriller,CN,0.7
cvecardt,I Was a Teenage Zombie,Comedy|Horror,PE,1.7
fbysouthu,Young People,Drama,FR,0.1
svynollv,"Hip Hop Witch, Da",Comedy|Horror|Thriller,PL,2.2
lshawlw,Sword of the Stranger (Sutorejia: Mukô hadan),Action|Adventure|Animation,ID,2.2
odegregoriox,"Plastic Age, The",Comedy|Romance,GR,4.5
aaclandy,Play it to the Bone,Comedy|Drama,KZ,3.6
ipetchz,Jet Lag (Décalage horaire),Comedy|Romance,LU,1.5
lreichartz10,Dreamgirls,Drama|Musical,GB,0.8
btracey11,Malcolm X,Drama,CN,1.5
ndyter12,Growth,Sci-Fi|Thriller,PL,0.7
fpeacop13,Brubaker,Crime|Drama,PL,2.8
dkunisch14,Penny Serenade,Drama|Romance,PH,0.3
ngyppes15,Inglorious Bastards (Quel maledetto treno blindato),Action|Adventure|Drama|War,CN,2.5
ccarnalan16,Chasers,Comedy,RU,2.2
nrodnight17,"Client, The",Drama|Mystery|Thriller,SE,4.6
pgarrat18,Food Stamped,Documentary,PL,4.5
otregenza19,Anna Karenina,Drama,CN,0.3
epanton1a,49 Up,Documentary,VE,2.1
mbehnke1b,"Man Who Couldn't Say No, The (Mies joka ei osannut sanoa EI)",Comedy|Drama|Romance,NG,1.3
cmcglone1c,Tennessee,Drama,SE,2.0
jerasmus1d,"Naughty Room, The",Comedy|Drama,BR,2.3
gruben1e,"Desert of the Tartars, The (Deserto dei Tartari, Il)",Drama|War,CN,0.8
gcogley1f,"Chasers, The (Jakten)",Drama|Romance|Thriller,CO,4.4
fsemonin1g,30 Minutes or Less,Action|Comedy|Crime,AR,2.7
askurm1h,Me Without You,Comedy|Drama,CN,0.6
rpalia1i,Ju-on: White Ghost,Horror,BE,3.4
cingreda1j,Mount St. Elias,Documentary,PL,3.8
nenser1k,Without Limits,Drama,GR,1.1
kdabrowski1l,Second Honeymoon,Comedy|Romance,CU,0.5
gshirland1m,Repo Men,Action|Sci-Fi|Thriller,PH,1.8
hkerans1n,Licence to Kill,Action|Adventure|Thriller,TZ,0.3
slile1o,"Beguiled, The",Drama|Thriller|War,NG,1.8
gmeffan1p,Super Bitch,Action,CN,3.9
thandrock1q,On Top of the Whale (Het dak van de Walvis),Fantasy,ID,0.5
kcookson1r,Hollow Reed,Drama,PL,3.9
cbusby1s,Highlander: Endgame (Highlander IV),Action|Adventure|Fantasy,SE,3.7
cdimelow1t,Romeo and Juliet,Drama|Romance,SE,0.4
pstaff1u,Happy Gilmore,Comedy,BW,1.1
mczapla1v,Ella Enchanted,Comedy|Fantasy|Romance,RS,4.2
bhriinchenko1w,Arabian Nights (Il fiore delle mille e una notte),Comedy|Drama|Fantasy,CZ,0.4
hcholonin1x,Clifford's Really Big Movie,Animation|Children,CN,4.0
nmathiassen1y,Return of the Killer Tomatoes!,Comedy|Horror|Sci-Fi,ID,4.7
tstopforth1z,Itty Bitty Titty Committee,Comedy|Drama|Romance,PL,3.2
nnowick20,Kingsman: The Secret Service,Action|Adventure|Comedy|Crime,PE,4.1
llashbrook21,"Detonator, The",Action|Thriller,ID,3.8
lmatula22,Things Change,Comedy,KR,0.4
ggini23,"Virgin Spring, The (Jungfrukällan)",Crime|Drama,CO,4.7
rcumine24,Paradise Now,Crime|Drama|Thriller|War,CN,5.0
mhamon25,Ivan Vasilievich: Back to the Future (Ivan Vasilievich menyaet professiyu),Adventure|Comedy,RU,1.7
smaeer26,"Jungle Creature: Hugo, The (Jungledyret) (Go Hugo Go)",Animation|Children|Musical|Romance,AF,4.6
dbootes27,"Mindscape of Alan Moore, The",Documentary,PT,3.0
thearne28,EuroTrip,Adventure|Comedy,FR,4.2
smcavaddy29,East is East,Comedy,NG,4.7
jmisson2a,"Ballad of Narayama, The (Narayama bushiko)",Drama,MX,1.8
rjanuszkiewicz2b,"Other Sister, The",Comedy|Drama|Romance,CN,4.4
wburkhill2c,"Last Song, The",Drama|Romance,CO,4.8
jclaworth2d,Daughter of Dr. Jeckyll,Horror,CN,4.3
jchurchlow2e,Meatballs 4,Comedy,CN,3.2
tdahlbom2f,Chicago Joe and the Showgirl,Drama,CN,4.2
jhovee2g,"Night Walker, The",Horror|Mystery|Thriller,ID,2.9
pjuanico2h,"Patsy, The",Comedy,NP,0.2
skloska2i,"Target Shoots First, The",Comedy|Drama,ID,4.3
hfullick2j,"Black Sleep, The",Horror|Sci-Fi,PK,2.3
espark2k,Filming 'Othello',Documentary,BR,3.5
dcicetti2l,They Live by Night,Crime|Film-Noir|Romance,BR,0.6
ajeffery2m,Children Underground,Documentary,SE,1.0
jannett2n,Kicking and Screaming,Comedy|Drama,CN,0.3
dielden2o,Into the West,Adventure|Drama|Western,CO,4.5
rbennie2p,Puppet Master: Axis of Evil (Puppet Master 10),Horror,CN,0.5
iffoulkes2q,Everything Relative,Drama,YE,3.7
kwiltshaw2r,Krippendorf's Tribe,Comedy,PT,0.7
coldroyde2s,Julia and Julia (Giulia e Giulia),Drama|Mystery|Thriller,CO,0.2
ahammerson2t,Upstream,Comedy|Drama,RU,3.4
tlarver2u,Warrior,Drama,US,1.6
skilmurray2v,"Wall, The (Die Wand)",Drama|Fantasy,ID,2.5
sgrundwater2w,Mr. Warmth: The Don Rickles Project,Documentary,SN,1.1
kcant2x,Reykjavik-Rotterdam,Drama|Thriller,FR,4.1
wmeadway2y,Zus & Zo,Comedy|Drama|Romance,PH,2.4
florant2z,Climate of Change,Documentary,CN,0.4
omanifold30,Down to You,Comedy|Romance,JP,2.5
jagg31,Donovan's Reef,Action|Comedy|Romance,ID,0.5
cmelia32,Black Legion,Crime|Drama,CN,0.4
mrenton33,Goodbye Charlie,Comedy|Fantasy|Romance,AL,3.2
rmclewd34,"Collector, The (La collectionneuse)",Drama,TW,0.0
gaxworthy35,Bit by Bit,(no genres listed),CN,2.5
jroggerone36,Dad Savage,Crime|Thriller,VN,1.0
amoulden37,Outskirts (Okraina),Drama|War,PH,3.7
hmenguy38,When Worlds Collide,Sci-Fi,CN,4.0
mcamin39,eXistenZ,Action|Sci-Fi|Thriller,CN,1.8
jdoyley3a,Shipwrecked (a.k.a. Haakon Haakonsen),Adventure|Children,PY,2.8
adeakan3b,Three Days of the Condor (3 Days of the Condor),Drama|Mystery|Romance|Thriller,RU,0.3
tleisman3c,Love Me Tonight,Comedy|Musical,BR,0.9
jmallia3d,I'm So Excited (Los amantes pasajeros),Comedy,CN,0.6
kgatsby3e,God’s Wedding (As Bodas de Deus),Comedy,AF,2.3
cealam3f,"Peach Thief, The (Kradetzat na praskovi)",Drama|Romance|War,GW,2.6
fbennetto3g,Snow White and the Seven Dwarfs,Animation|Children|Drama|Fantasy|Musical,RU,1.3
agarfit3h,1984,Drama|Sci-Fi,ID,0.9
nbarnsdall3i,Strange Wilderness,Comedy,PH,4.8
asabey3j,"Man Who Saves the World, The (Dünyayi Kurtaran Adam)",Adventure|Sci-Fi,CN,1.4
bfettis3k,Maidens in Uniform (Mädchen in Uniform),Drama|Romance,CN,0.6
esurcomb3l,"Karate Kid, The",Action|Children|Drama,FR,1.4
tpawelke3m,Smile,Comedy,CN,0.7
mlandal3n,From the Sky Down,Documentary,VE,2.9
vcamerana3o,"Age of Innocence, The",Drama,PH,0.7
vduckham3p,"Slugger's Wife, The",Comedy|Romance,CA,3.0
adedomenico3q,"If It's Tuesday, This Must Be Belgium",Comedy|Drama,ID,2.4
lseys3r,I Shot Jesse James,Drama|Romance|Western,CN,4.5
sray3s,"Deer Hunter, The",Drama|War,IR,3.2
sgoadsby3t,Blood: The Last Vampire,Action|Horror|Thriller,US,4.2
klefeuvre3u,Monkeybone,Animation|Comedy|Fantasy,MY,0.4
cweond3v,Igor,Animation|Comedy,AL,0.3
khellmore3w,"Thin Man Goes Home, The",Comedy|Crime|Mystery,ID,1.2
sorleton3x,Intruder in the Dust,Drama,PH,3.6
llindner3y,Day of the Wacko (Dzien swira),Comedy|Drama,PH,1.7
ocornils3z,"Ear, The (Ucho)",Drama|Thriller,PH,3.9
jbrasse40,"Sound of Music, The",Musical|Romance,SE,0.5
mzannini41,Accomplices (Complices),Crime|Mystery,CN,0.3
ssarton42,The Chase,Crime|Drama|Thriller,JP,0.8
kridding43,"Crow: City of Angels, The",Action|Thriller,RU,1.1
amcmanus44,Ego,Drama,TH,0.3
sakeherst45,"Last Wedding, The (Kivenpyörittäjän kylä)",Comedy|Drama,ID,0.6
clindenman46,Deception,Action|Drama|Thriller,JP,4.5
cgummow47,Alien Nation,Crime|Drama|Sci-Fi|Thriller,IT,2.9
udallan48,Cold Fever (Á köldum klaka),Comedy|Drama,NG,4.7
hsturdgess49,The Lumière Brothers' First Films,Documentary,AZ,2.2
bdelacote4a,Beautiful,Drama|Thriller,PH,1.5
bmallen4b,"Woman Always Pays, The (Afgrunden) (Abyss, The)",Drama,TF,3.2
ldallas4c,Cure,Crime|Horror|Thriller,PH,3.6
dveldman4d,Tuareg: The Desert Warrior (Tuareg - Il guerriero del deserto),Action|Adventure,ID,1.4
cnewbery4e,Detective (Détective),Crime|Drama,CO,4.4
esheed4f,"Italian Straw Hat, The (Un chapeau de paille d'Italie)",Comedy,MX,0.8
lpickthorn4g,Barabbas,Adventure|Drama,CR,1.8
icoleridge4h,It Came from Outer Space,Sci-Fi,BR,2.0
smenauteau4i,Cass Timberlane,Drama|Romance,CN,4.5
yiveans4j,Tough Enough (Knallhart),Crime|Drama,CA,2.7
iolligan4k,Beyond Hypothermia (Sip si 32 doe),Action|Drama|Thriller,CN,0.1
tmonier4l,Borat: Cultural Learnings of America for Make Benefit Glorious Nation of Kazakhstan,Comedy,CZ,2.6
npatterfield4m,"Cabin in the Woods, The",Comedy|Horror|Sci-Fi|Thriller,TH,0.6
reuler4n,The Cheat,Drama,US,1.6
mheaps4o,"Hustler, The",Drama,CM,2.1
rabsolon4p,"Strada, La",Drama,ID,2.4
bmasserel4q,Preston Sturges: The Rise and Fall of an American Dreamer,Documentary,CN,2.6
emanthorpe4r,Gambit,Comedy|Crime,GT,4.4
lhentze4s,Best of the Best,Action,GR,3.2
barman4t,The Borderlands,Horror|Mystery,HR,4.4
shuntly4u,No Way Home,Drama,FR,4.1
ebauldrey4v,Pete 'n' Tillie,Comedy|Drama,PL,0.1
cnottram4w,Follow Me Quietly,Crime|Drama|Film-Noir|Mystery,CI,2.4
dhaensel4x,"Devils, The",Drama,IL,2.7
mroo4y,Hollow Point,Action|Comedy|Thriller,NG,0.8
plackington4z,"Year My Parents Went on Vacation, The (O Ano em Que Meus Pais Saíram de Férias)",Drama,TR,0.8
bbartalini50,When the Cat's Away (Chacun cherche son chat),Comedy|Romance,ZA,1.4
msyres51,The Fat Albert Halloween Special,Animation,ID,2.0
gculleford52,Muppets From Space,Children|Comedy,PL,0.2
twilstead53,"Woman in Black, The",Drama|Horror|Thriller,ID,4.6
ngiordano54,"Ketchup Effect, The (Hip Hip Hora!)",Drama,GR,2.3
tchamberlain55,"Swinger, The",Comedy,ID,3.4
mthorrold56,Life Is Sweet,Comedy|Drama,CN,3.1
jwarsop57,"River Why, The",Drama,ID,4.2
lsanpher58,"Christine Jorgensen Story, The",Drama,PY,1.9
rgault59,Thale,Action|Drama|Horror|Mystery,ID,2.8
evedyasov5a,Endless Love,Drama|Romance,CZ,3.3
mfleckno5b,"Simple Life, A (Tao jie)",Drama,ZA,0.4
bangear5c,Chasing Sleep,Horror|Thriller,GR,1.0
hlicari5d,Evangelion: 1.0 You Are (Not) Alone (Evangerion shin gekijôban: Jo),Action|Animation|Sci-Fi,CN,3.7
jpead5e,"Man, Woman and the Wall (Kikareta onna no mirareta yoru)",Drama|Romance|Thriller,PL,1.0
gbisley5f,"Mask, The",Action|Comedy|Crime|Fantasy,BR,4.9
dyaakov5g,"Greatest Show on Earth, The",Drama,IE,3.2
nbrendeke5h,Voices of Iraq,Documentary,RU,1.8
mbierton5i,Dragon Hunters (Chasseurs de dragons),Adventure|Animation|Children,CN,3.9
cfiddian5j,"See You Tomorrow, Everyone",Drama,US,0.1
roswell5k,Happy People: A Year in the Taiga,Documentary,BL,3.3
lkleinberer5l,"Night, The (Notte, La)",Drama,ID,0.6
vgebb5m,It's Kind of a Funny Story,Comedy|Drama,GH,4.8
cderobert5n,The Tattooist,Horror|Thriller,PL,3.2
gschwand5o,Victim,Horror|Thriller,NL,1.1
sscogin5p,"Buddy Holly Story, The",Drama,CN,3.5
eemanulsson5q,"Battle of China, The (Why We Fight, 6)",Documentary|War,SE,4.7
tzannolli5r,New Town Killers,Drama,CN,2.7
lwhilder5s,Private Benjamin,Comedy,SE,1.1
tsyce5t,Doomsday Prophecy,Action|Sci-Fi|Thriller,BR,2.5
ihardstaff5u,Godzilla: Tokyo S.O.S. (Gojira tai Mosura tai Mekagojira: Tôkyô S.O.S.),Action|Fantasy|Sci-Fi,PH,0.9
fcreaser5v,Children of the Corn: Genesis,Horror|Thriller,NP,3.7
sspalls5w,"Klansman, The",Action|Drama|Thriller,ET,0.3
aenion5x,Hotel Pacific (Zaklete rewiry),Drama,BR,2.0
tjanous5y,"Pledge, The",Crime|Drama|Mystery|Thriller,ID,1.1
rworrall5z,Homework,(no genres listed),FR,4.6
ddosdale60,Battleground,Action|Drama|War,CA,4.8
bdowthwaite61,Crumb,Documentary,GW,2.6
ctovey62,"Little Romance, A",Comedy|Romance,CN,3.4
mstanger63,"Man Who Wasn't There, The",Crime|Drama,AR,0.6
milyinykh64,Jim Jefferies: Alcoholocaust,Comedy,GR,4.1
wslucock65,ATF ,Drama|Thriller,MK,1.1
lanfusso66,Third Person,Drama|Romance,NP,3.8
ntytherton67,Mr. Nanny,Action|Children|Comedy,CN,0.9
tsnodin68,"Slams, The",Action|Drama,LV,2.0
tleblond69,"Diary of Anne Frank, The",Drama|War,MK,2.3
icarles6a,Caltiki the Undying Monster,Adventure|Horror|Sci-Fi|Thriller,AZ,2.9
pmattinson6b,Harry Potter and the Deathly Hallows: Part 2,Action|Adventure|Drama|Fantasy|Mystery|IMAX,MN,0.8
rjohn6c,Rio Grande,Romance|Western,CN,2.6
uselvester6d,Short Sharp Shock (Kurz und schmerzlos) ,Crime|Drama,GH,3.3
athonger6e,Shriek If You Know What I Did Last Friday the Thirteenth,Comedy|Horror,ID,3.6
jscoterbosh6f,Not My Type,Comedy|Romance,LV,3.3
bdarree6g,Shanghai Calling,Comedy|Drama|Romance,PH,2.7
akingh6h,New Kids Turbo,Action|Comedy,ID,3.4
vadcock6i,Winnie the Pooh and the Honey Tree,Animation|Children,FR,3.9
lickovits6j,Seal Team Eight: Behind Enemy Lines,Action|Drama|War,FI,4.9
nriccio6k,Rambling Rose,Drama,CN,0.8
mpessel6l,Rusty Knife (Sabita naifu),Action|Crime,ID,3.7
dcritch6m,Time of Eve (Eve no jikan),Animation|Romance|Sci-Fi,RU,0.1
nsallan6n,Donner Pass,Horror,GR,4.3
fmccorrie6o,Barbarian Queen,Action|Adventure|Fantasy,CN,3.1
akeveren6p,House of Strangers,Drama|Film-Noir,BY,1.9
acuddehy6q,"3 Penny Opera, The (Threepenny Opera, The) (3 Groschen-Oper, Die)",Crime|Musical,FR,2.7
sweymouth6r,"Baron of Arizona, The",Drama|Romance|Western,NF,4.9
rsewley6s,"Thousand Words, A",Comedy|Drama,PL,1.5
jblissett6t,27 Missing Kisses,Comedy|Drama|Romance,MX,2.1
lgynne6u,Fear X,Mystery|Thriller,LK,2.7
tavramovic6v,"Unsuspected, The",Drama|Film-Noir|Thriller,UA,1.1
fclavering6w,Charlie's Angels: Full Throttle,Action|Adventure|Comedy|Crime|Thriller,CN,3.8
djeffels6x,Constantine's Sword,Documentary,PL,4.5
tchalkly6y,"Wash, The",Comedy,BG,4.9
springuer6z,"Mother and the Whore, The (Maman et la putain, La)",Drama,AR,4.3
mhemeret70,Bachelorette,Comedy,CN,0.1
mastbury71,Evil Dead II (Dead by Dawn),Action|Comedy|Fantasy|Horror,CO,4.2
hzini72,"Better Tomorrow III: Love and Death in Saigon, A",Action|Thriller|War,CO,0.9
oguymer73,Bad Ass,Action|Crime|Drama,CN,1.2
cbobasch74,Kevin Nealon: Now Hear Me Out!,Comedy,MX,4.1
abuttel75,"Happening, The",Drama|Sci-Fi|Thriller,DE,0.3
badrienne76,Happy,Documentary|Drama,PK,0.8
cconan77,Dr. Jack,Comedy,ID,3.1
tyoakley78,After Office Hours,Comedy|Crime|Drama,ML,3.4
avarren79,"Naked Jungle, The",Adventure|Drama,LB,4.4
vdailly7a,Downloaded,Documentary,ES,2.9
adofty7b,"Silencers, The",Action|Comedy,BG,1.4
alindenbluth7c,Paper Lion,Comedy,NO,3.1
ctorrijos7d,In the Shadow of the Moon,Documentary,BR,1.8
bheminsley7e,"Return of the Musketeers, The",Adventure|Comedy,FR,4.1
sscallan7f,Eat Drink Man Woman (Yin shi nan nu),Comedy|Drama|Romance,CN,3.2
dsubhan7g,Great Day in the Morning,Western,CN,3.6
bcoye7h,"Princess for Christmas, A",Children|Comedy,CN,2.6
ccrangle7i,Madison Avenue,Drama,MR,1.0
cflarity7j,Bel Ami,Drama|Romance,GT,1.3
moldall7k,The Last Outpost,Western,IL,0.4
ttownshend7l,I Am,Documentary,CN,2.9
dfear7m,"Awful Truth, The",Comedy|Romance,PH,0.5
hobbard7n,When Eight Bells Toll,Action|Adventure|Crime|Mystery,SE,0.3
cdabbotdoyle7o,Why Do Fools Fall In Love?,Drama,PT,4.6
fmolan7p,Maverick,Adventure|Comedy|Western,IE,2.5
egolton7q,"Take, The",Crime|Drama,PT,3.3
ditzkov7r,Zenith,Sci-Fi|Thriller,CN,4.6
rberrey7s,The Odyssey,Adventure|Drama|Fantasy,US,3.6
skeddle7t,Forget Baghdad: Jews and Arabs - The Iraqi Connection,Documentary,IT,2.4
rtelford7u,"Temptations, The",Drama|Musical,US,0.9
sburtonwood7v,"Thousand Words, A",Comedy|Drama,PS,1.0
hwyeld7w,Broken Lance,Drama|Romance|Western,GT,0.7
clanktree7x,48 Hrs.,Action|Comedy|Crime|Drama,CN,0.4
calp7y,Flower Drum Song,Comedy|Musical|Romance,ID,0.8
tmcgreary7z,"Four Musketeers, The",Action|Adventure|Comedy|Romance,CN,2.1
bgaitung80,Bachelor in Paradise,Comedy|Romance,CZ,1.9
vehrat81,Unrest,Horror|Thriller,CN,3.6
larrell82,When Ladies Meet,Comedy|Drama|Romance,PH,1.3
hplank83,Shadows of a Hot Summer (Stíny horkého léta),Drama|Thriller,PL,5.0
shawes84,Road to Utopia,Comedy,PL,1.2
iclearley85,Crime Busters,Action|Adventure|Comedy|Crime,TH,1.3
gheal86,"Beaches of Agnes, The (Plages d'Agnès, Les)",Documentary,NO,3.1
fpoulsen87,"Electric Boogaloo: The Wild, Untold Story of Cannon Films",Comedy|Documentary,PE,0.0
fminget88,In Love and War,Romance|War,BH,3.3
adudenie89,Return to Oz,Adventure|Children|Fantasy,PT,3.5
calibone8a,Monsieur Lazhar,Children|Comedy|Drama,PH,4.3
lpeplaw8b,Tumbleweeds,Drama,FI,0.8
ecoad8c,Basket Case 3: The Progeny,Comedy|Horror,ID,4.2
ipashba8d,Sunset Park,Drama,FR,2.5
npaulet8e,Problem Child,Children|Comedy,ID,0.6
rkingscote8f,"Slender Thread, The",Drama,CN,2.1
sstratz8g,Open Water 2: Adrift,Drama|Thriller,PH,4.9
cmcward8h,The Amazing Dr. Clitterhouse,Crime|Drama|Film-Noir,BR,4.8
thandlin8i,"Three Faces of Eve, The",Drama,TZ,2.4
nlockhead8j,Defenseless,Thriller,RS,1.8
fwrench8k,"Lady in Number 6: Music Saved My Life, The",Documentary|Drama,IE,4.6
ntomek8l,Let's Scare Jessica to Death,Horror|Mystery,ID,2.3
scastaignet8m,Morning Glory,Comedy|Drama|Romance,CN,4.1
wrenny8n,Lianna,Drama|Romance,PH,4.2
tbrumbie8o,Breaking the Waves,Drama|Mystery,ID,0.5
tivashov8p,Mockingbird Don't Sing,Drama,ZW,0.3
jblight8q,Dark and Stormy Night,Comedy|Mystery,CN,1.3
dturney8r,Captain Phillips,Adventure|Drama|Thriller|IMAX,BO,3.3
olewis8s,Hecho en México,Documentary|Musical,SE,0.4
lpampling8t,Bis zum Ellenbogen,Comedy,RU,3.3
hdivisek8u,BFFs,Comedy,BR,3.0
ktrousdell8v,Biggles,Adventure|Fantasy|Sci-Fi,AM,2.9
hgomes8w,Culloden (The Battle of Culloden),Documentary|Drama|War,PL,2.4
cfawcett8x,"Mummy, The",Action|Adventure|Comedy|Fantasy|Horror|Thriller,JP,3.8
cfarnorth8y,"Looney, Looney, Looney Bugs Bunny Movie, The",Animation|Children|Comedy,BR,3.3
teul8z,Tarzan Escapes,Action|Adventure,BR,3.0
obrogioni90,Every Which Way But Loose,Comedy,ID,2.9
kbatson91,Something the Lord Made,Drama,CN,0.6
bradbourn92,"Contractor, The",Action|Drama|Thriller,MA,0.9
blias93,Where East Is East,Drama,US,3.2
dlivock94,Out of the Blue (Aramoana),Crime|Drama,US,3.3
mrookwell95,Be with Me,Drama|Romance,ID,2.8
whebbard96,Major League II,Comedy,RU,4.0
smatchett97,"Walk, Don't Run",Comedy|Romance,CN,3.5
hroebottom98,Planet of the Apes,Action|Adventure|Drama|Sci-Fi,CN,2.5
acromblehome99,My Louisiana Sky,Drama,ID,1.3
jbeedell9a,"Kings of Summer, The",Comedy,RU,4.2
locullen9b,Budrus,Documentary,MK,2.2
fhemeret9c,Marilyn Hotchkiss' Ballroom Dancing & Charm School,Comedy|Drama|Romance,GR,1.1
aletson9d,Inside Man,Crime|Drama|Thriller,FR,1.8
tjozefiak9e,Germany Pale Mother,Drama|War,IE,3.0
tbrisco9f,Outland,Action|Sci-Fi|Thriller,RU,4.4
cattril9g,"Little Foxes, The",Drama,FR,3.5
drawlins9h,Coneheads,Comedy|Sci-Fi,UA,2.7
nfeatherstonhaugh9i,"Goebbels Experiment, The (Das Goebbels Experiment)",Documentary,SI,1.9
mivery9j,"Dinner Game, The (Dîner de cons, Le)",Comedy,CN,1.4
ccatherall9k,All the Pretty Horses,Drama|Romance|Western,GR,3.7
cskaid9l,Trouble Bound,Action|Comedy,TH,2.1
dpenrose9m,Torn,Drama,CN,1.7
bbridge9n,"Fall of the House of Usher, The (Zánik domu Usheru)",Animation,CN,0.3
obilby9o,"Who Are you Polly Maggoo (Qui êtes-vous, Polly Maggoo?)",Comedy,PH,3.0
mcorradetti9p,By the Sword,Drama,RU,2.5
mjacke9q,Bagdad Cafe (Out of Rosenheim),Comedy|Drama,PS,4.9
dhillaby9r,Duck Soup,Comedy|Musical|War,CZ,2.9
ehearne9s,Britannia Hospital,Comedy|Drama,CN,2.7
rclaw9t,Truth in 24,Documentary,CA,3.1
jmanuelli9u,"Love God?, The",Comedy,CN,0.2
opimblotte9v,Wild China,Documentary,PT,1.2
mmahon9w,"Stratton Story, The",Drama|Romance,IS,1.9
steacy9x,Under the Domim Tree (Etz Hadomim Tafus),Drama,BG,1.6
aneward9y,October Sky,Drama,PL,1.3
erodd9z,Will Ferrell: You're Welcome America - A Final Night with George W Bush,Comedy,MN,0.3
sknivetona0,Lay the Favorite,Comedy,ID,3.1
pbrabbana1,Fill the Void (Lemale et ha'halal),Drama,PL,1.1
sstrelitzera2,Pure One (Pakeezah),Drama|Musical|Romance,CN,3.7
epetegrea3,Dragon Lord (a.k.a. Dragon Strike) (Long Xiao Ye),Action,FR,1.7
abreffita4,Lovers and Other Strangers,Comedy,JP,3.6
sgillana5,Welcome to the Space Show (Uchû shô e yôkoso),Adventure|Animation|Sci-Fi,ER,1.9
mperonea6,Olympia Part One: Festival of the Nations (Olympia 1. Teil - Fest der Völker),Documentary,UA,0.4
bbacklera7,"Clay Bird, The (Matir moina)",Drama,CZ,2.2
gshutlera8,Chicago 10,Animation|Documentary,CN,3.4
mdipietroa9,Lymelife,Comedy|Drama,PL,0.2
asolanaa,Grim Reaper,Horror,ID,1.0
lmothab,Particle Fever,Documentary,CN,2.6
eyushkovac,"To Have, or Not (En avoir (ou pas))",Drama,PH,0.5
ggarshoread,Rocket Science,Comedy|Drama,BA,4.4
lcortinae,"Same Love, Same Rain (El mismo amor, la misma lluvia)",Comedy|Drama|Romance,ID,3.3
tfiveashaf,"Sum of All Fears, The",Drama|Thriller,CA,4.8
lmillyardag,Mamma Mia!,Comedy|Musical|Romance,IE,4.9
mbassonah,American Wedding (American Pie 3),Comedy,GR,2.0
ddinehartai,Possessed,Drama|Film-Noir,AF,3.4
ssiaspinskiaj,Rampo (a.k.a. The Mystery of Rampo),Drama|Mystery,FR,1.8
pbouskillak,"Emperor Waltz, The",Comedy|Musical|Romance,CN,4.0
bosheeal,Today You Die,Action|Crime,ID,0.7
celverstoneam,Pirates,Adventure|Comedy,ID,4.4
zjosephsan,My Favorite Martian,Comedy|Sci-Fi,CN,2.8
jdelacoteao,The Cyclone,Comedy|Romance,GW,1.2
kiveap,"China Syndrome, The",Drama|Thriller,CN,1.3
kmcowisaq,The Retrieval,Drama|Western,FR,1.8
hpallisterar,It's a Wonderful Afterlife,Comedy|Drama|Horror|Romance,BA,2.0
ncolbornas,Whoopee!,Comedy|Musical,UA,2.6
nritchleyat,"Sign of Leo, The (Signe du lion, Le)",Drama,ID,1.6
swoodhallau,"Bête humaine, La",Drama,TZ,4.3
jheughav,"Silence, The (Das letzte Schweigen)",Crime|Drama|Thriller,CN,0.2
dbrattyaw,Stand by Me Doraemon,Animation|Children|Drama|Fantasy,BA,4.5
avanderkruisax,Amongst Friends,Crime|Drama,PL,3.0
ilouday,"Kids Are All Right, The",Comedy|Drama,MA,2.9
kjudsonaz,Time Bandits,Adventure|Comedy|Fantasy|Sci-Fi,SE,3.8
dpeterkinb0,Conversations with My Gardener (Dialogue avec mon jardinier),Comedy|Drama,CN,1.4
lbarrowsb1,John Wick,Action|Thriller,ZA,3.0
hlockittb2,Fiend with the Electronic Brain (Blood of Ghastly Horror),Horror|Sci-Fi,PH,1.6
khabbonb3,Redacted,Action|Crime|Drama|War,AR,2.6
koaklyb4,Portrait in Black,Crime|Drama|Thriller,PL,0.7
ccolbornb5,Buster Keaton: A Hard Act to Follow,Documentary,CR,4.8
nlangtonb6,Colt Comrades,Western,ZA,0.0
mborrelb7,Too Shy to Try (Je suis timide... mais je me soigne),Comedy,CN,5.0
bmacgraithb8,Undercover Brother,Comedy,BR,2.8
hpleveyb9,Passionada,Comedy|Romance,ID,4.6
mgrininba,Apollo Zero,Documentary,PL,2.1
ltimlinbb,Magic Camp,Children|Documentary,CN,4.4
relldredbc,Decision at Sundown,Western,ID,3.4
pbarczewskibd,Can Go Through Skin (Kan door huid heen),Drama,PE,4.1
whalpinebe,"Bugs Bunny / Road Runner Movie, The (a.k.a. The Great American Chase)",Animation|Children|Comedy,IR,4.6
tvogtbf,The Mummy's Shroud,Horror,PH,1.8
pharrillbg,"Bang Bang Club, The",Drama,MY,3.9
cashmolebh,The Detective 2,Action,VN,4.4
smerrisonbi,"Secret of NIMH 2: Timmy to the Rescue, The",Adventure|Animation|Children|Musical,CI,2.8
bocollopybj,Hollywood and The Pentagon: A Dangerous Liaison,Documentary,CN,3.0
gkaynebk,Rare Birds,Comedy|Drama,CO,0.0
dvasilechkobl,Best Boy,Documentary,GT,4.2
jderechterbm,Captains of the Clouds,Action|Drama|War,SE,4.8
dhardistybn,When Brendan Met Trudy,Comedy|Romance,MX,4.9
bkringebo,D.C.H. (Dil Chahta Hai),Comedy|Drama,ID,4.4
dsherrumbp,Why Stop Now,Comedy|Drama,RU,0.5
ipibornbq,PCU,Comedy,CN,1.0
msalernobr,"Beast at Bay, A",Drama,TH,4.3
efarhertybs,Vicky Donor,Comedy|Romance,TM,3.5
rcaulcuttbt,Ai Weiwei: Never Sorry,Documentary,CL,0.0
msawardbu,Louise-Michel,Comedy,ZA,4.8
dswaytebv,One Way Boogie Woogie,Documentary,DE,4.2
zlevibw,Grave Halloween,Horror,AR,2.2
eguillotbx,"Proposition, The",Drama|Romance,BR,2.7
jshelveyby,"Secret Life of Walter Mitty, The",Comedy|Romance|Thriller,ID,4.9
eohickeybz,"Bronx Tale, A",Drama,FR,0.3
ikaygillc0,High on Crack Street: Lost Lives in Lowell,Documentary,PT,2.1
rcookmanc1,Arthur and the Revenge of Maltazard (Arthur et la vengeance de Maltazard),Animation|Children|Fantasy,MX,0.9
afawcettc2,Tanner Hall,Drama,PT,2.7
tclynterc3,Cyberjack (Virtual Assassin),Action|Sci-Fi,PE,4.2
ealsobrookc4,"Four Days in September (O Que É Isso, Companheiro?)",Drama,SE,0.9
ccommingsc5,Dark Floors,Fantasy|Horror,BD,2.7
pbruhnkec6,Triple Agent,Drama|Thriller,CN,2.0
pabbetc7,Louis C.K.: Oh My God,Comedy,CN,2.6
esuggc8,"Eye of the Storm, The",Drama,PL,2.3
cseagrovec9,Andy Hardy's Double Life,Comedy|Romance,BR,1.2
mhaddyca,Pandora's Box (Pandora'nin kutusu),Drama,CY,1.2
wbullentcb,Machete,Action|Adventure|Comedy|Crime|Thriller,JP,0.5
bdurdlecc,Free Fall,Drama,CN,2.8
corneblowcd,"Best of Times, The",Comedy|Drama,HN,2.8
rbergence,Without Warning (a.k.a. Alien Warning) (a.k.a. It Came Without Warning),Horror|Sci-Fi,CR,1.5
ckeoghanecf,Mad Money,Comedy|Crime|Thriller,ID,2.5
jpiffordcg,Crows Zero (Kurôzu zero),Action,CN,3.0
dlettsch,Angel's Leap,Crime,ID,4.4
mthistletonci,Dolores Claiborne,Drama|Thriller,MN,4.9
wdannettcj,Show Me,Crime|Drama|Thriller,TZ,0.8
mnormingtonck,We Own the Night,Crime|Drama,CN,3.5
acaserocl,Jesus Henry Christ,Comedy,PH,1.5
bfoskewcm,Twilight,Drama|Fantasy|Romance|Thriller,LR,1.3
gwhyecn,"Way We Laughed, The (Così Ridevano)",Drama,CN,4.9
lbiaggellico,Tabloid,Documentary,CN,0.2
genticottcp,Friday the 13th Part IV: The Final Chapter,Horror,LV,0.8
cruttercq,"Wedding Director, The (Il regista di matrimoni)",Drama|Mystery,JP,0.6
ffotittcr,Pelle the Conqueror (Pelle erobreren),Drama,LB,4.1
sbrandinocs,Silent Night,Horror,ID,2.4
kshadrachct,Slaves of New York,Drama,BR,4.5
aduplantiercu,"Carabineers, The (Carabiniers, Les)",Comedy|Drama|War,CN,2.0
rdessaurcv,"Man Apart, A",Action|Crime|Drama|Thriller,VN,1.7
wtantrumcw,"Tough Ones, The (Häjyt)",Action|Drama,CN,4.9
hmapledoorecx,Iraq for Sale: The War Profiteers,Documentary,AL,0.3
lshackelcy,Shiri (Swiri),Action|Drama|Romance|Thriller,BR,1.8
eassindercz,Everybody's All-American,Romance,ID,1.5
calgated0,"Wind Journeys, The (Viajes del viento, Los)",Drama,ID,1.9
rcrichd1,Bellflower,Action|Drama|Romance,CN,5.0
dlimprechtd2,Blood Alley,Action|Adventure,CN,4.7
tciccarellod3,Digimon: The Movie,Adventure|Animation|Children,RU,4.9
dculpand4,Double Harness,Comedy|Drama,RU,0.7
aadamovd5,Into the Blue 2: The Reef,Action|Adventure|Thriller,XK,4.7
tbilbrooked6,"Diebuster ""Top wo Narae 2""",Action|Animation|Drama|Sci-Fi,CZ,1.8
brayntond7,Kisses for My President,Comedy,PE,2.0
jogavend8,Girls Rock!,Documentary,BR,4.1
udomenichinid9,Miss Potter,Drama,AL,3.4
lbucklandda,Skeleton Man,Action|Horror,JP,4.8
mraithmilldb,Mrs. Miniver,Drama|War,CN,3.1
gdrengdc,"Overcoat, The (Il cappotto)",Comedy|Drama|Fantasy,ID,0.6
ffeavearyeardd,Internal Affairs,Crime|Thriller,PH,0.7
cfryde,Galician Caress (Of Clay),Documentary,CN,1.1
mcornelissedf,Madame Bovary,Drama,CN,3.2
malsteaddg,Which Way Is Up?,Comedy,CN,0.1
rbellanydh,Your Vice is a Locked Room and Only I Have the Key,Horror|Mystery|Thriller,SE,1.6
opollastrinodi,Legend of the Eight Samurai (Satomi hakken-den),Action|Adventure|Drama|Fantasy,GR,1.1
jisakowiczdj,Blue Juice,Comedy|Drama,ID,0.5
epiaggiadk,Leprechaun in the Hood,Action|Comedy|Horror,KM,4.7
dwhortondl,Double Trouble,Musical,MY,4.3
gclohiseydm,Talking About Sex,Comedy|Drama,CN,4.4
apeschkedn,"For a Good Time, Call...",Comedy|Drama|Romance,CN,0.1
grobillarddo,Feast of Love,Drama|Romance,CN,3.1
iscarfdp,The Gilded Cage,Comedy,PT,1.6
asharrierdq,All the Invisible Children,Drama,PE,2.0
rmaillarddr,Fullmetal Alchemist: The Sacred Star of Milos,Action|Adventure|Animation,CZ,4.9
bmowburyds,Legionnaire,Action|Adventure|Drama|War,CN,0.6
bmcclunaghandt,Wyoming Renegades,Romance|Western,MZ,0.3
acalafatedu,Linewatch,Crime|Drama|Thriller,FR,1.7
ahazeldenedv,Phantom of the Megaplex,Action|Children|Comedy|Mystery,PH,3.6
iioselevichdw,Class Reunion,Comedy,WS,1.6
socahilldx,Jalla! Jalla!,Comedy|Drama|Romance,FI,4.2
sbannarddy,Wild Reeds (Les roseaux sauvages),Drama,RU,2.1
jpiddockedz,Tito and Me (Tito i ja),Comedy,HK,2.0
wbasere0,Fate Is the Hunter,Drama,PH,3.0
fsmallmane1,Lights Out,Horror|Thriller,SE,4.2
pallardycee2,Das Leben ist nichts für Feiglinge,Drama,SL,2.9
vdimblebeee3,Fallout,Action|Sci-Fi,CN,2.8
fscholare4,Class,Comedy,ID,0.3
lpriditte5,"Thrill of It All, The",Comedy,JO,2.7
sgrunbaume6,"Flesh Merchant, The (Wild and Wicked, The)",Drama,AR,4.7
mstorriee7,I Love Your Work,Drama|Mystery,RU,2.9
vbanghee8,Tom and Jerry: The Lost Dragon,Animation|Children|Comedy,VN,1.9
lglassborowe9,Admission,Comedy|Romance,JP,3.3
jtomsenea,The Night Evelyn Came Out of the Grave,Horror|Mystery,BR,1.7
ckorneleb,Shoot the Piano Player (Tirez sur le pianiste),Crime|Drama|Romance|Thriller,SI,1.1
mpyrkeec,"Event, The",Drama,CN,0.0
mkarraned,Gun Crazy (a.k.a. Deadly Is the Female),Crime|Drama|Film-Noir,CN,3.1
lbotlyee,The Swedish Moment,Comedy,CN,0.4
bblockwellef,Digging for Fire,Drama,ID,0.7
mskeateseg,Hoop Realities,Documentary,CN,3.4
vbarradelleh,Another Cinderella Story,Children|Comedy|Musical|Romance,SA,2.4
sburwinei,"Crazy Stranger, The (Gadjo Dilo)",Comedy|Drama,JP,3.4
rschoularej,Coming Apart,Drama,ID,2.1
afaiersek,Law and Order,Action|Romance|Western,SE,4.5
pburgumel,Poltergeist III,Horror|Thriller,GR,0.6
rsketchleyem,Lathe of Heaven,Sci-Fi,IE,3.0
dhaveen,El Hada Buena - Una Fábula Peronista,Comedy|Sci-Fi,PL,3.0
aoddaeo,Floating Skyscrapers,Drama|Romance,CO,1.7
bthunnercliffep,Age of Ice,Adventure|Sci-Fi,ID,2.7
rmartinoneq,Up the River,Comedy|Crime|Drama,PH,2.0
challihaner,Arizona Dream,Comedy|Drama|Fantasy|Romance,MK,0.1
hjahnes,Lovers & Leavers (Kuutamolla),Drama|Romance,BD,0.1
gclawet,"Follow Me, Boys!",Comedy|Drama,PK,4.0
dfranscionieu,Kummeli Goldrush (Kummeli kultakuume),Comedy,JM,1.4
gtolchardev,How to Succeed in Business Without Really Trying,Comedy|Musical,CN,3.8
slangdridgeew,Harvey,Comedy|Fantasy,PT,4.2
hkarpovex,Dracula A.D. 1972,Horror|Thriller,RU,1.4
ylakeey,Albert Nobbs,Drama,BR,3.8
ashrubsallez,You Will Be My Son (Tu seras mon fils),Drama,AZ,1.4
ptealf0,"Undertaker and His Pals, The",Comedy|Horror,TH,4.1
ndrysdallf1,Trench Road (Juoksuhaudantie),Comedy|Drama,MM,0.0
jellensf2,Unfaithfully Yours,Comedy|Romance,CN,2.0
npirellif3,Pat and Mike,Comedy|Romance,RU,4.2
vbinchf4,Disneyland Dream,Documentary,CN,3.5
dmealef5,"One, Two, Three",Comedy,CN,3.2
abloyesf6,Film ist. 7-12,Documentary,MA,1.3
bwimpressf7,Passion,Crime|Drama|Mystery|Thriller,ID,0.2
slarawayf8,"Slumber Party Massacre, The",Horror,DO,4.6
swoltersf9,"North and South, Book I",Drama|Romance|War,CN,3.5
emcginlyfa,Waking Madison ,Drama,FR,0.4
rdoulfb,Conflict,Drama|Film-Noir,RU,4.2
jwolveyfc,"Muppets Take Manhattan, The",Children|Comedy|Musical,AF,2.9
cyvensfd,Top Floor Left Wing (Dernier étage gauche gauche),Action|Comedy|Drama,CN,1.5
kpollandfe,Crossroads,Comedy|Musical|Romance,CN,4.4
smuncasterff,"Dawn Patrol, The (Flight Commander)",Action|Drama|War,HR,0.9
ehakesfg,"Incredible Hulk, The",Action|Sci-Fi,BR,2.6
fskymfh,Queen of the Mountains,Action|Drama,RU,1.4
rglossupfi,Cujo,Horror|Thriller,CN,0.0
hdalyielfj,Chain of Fools,Comedy|Crime,PH,4.0
wmccuskerfk,"Hatchet for the Honeymoon (Rosso segno della follia, Il)",Fantasy|Horror|Thriller,PT,3.0
fhallaganfl,TMNT (Teenage Mutant Ninja Turtles),Action|Adventure|Animation|Children|Comedy|Fantasy,PH,1.8
gbartletfm,Shrek the Halls,Adventure|Animation|Comedy|Fantasy,SE,1.7
fswidenbankfn,Let Fury Have the Hour,Documentary,FR,0.2
jgravestonefo,Genghis Blues,Documentary,NG,2.7
asurcombfp,Rebecca,Drama|Mystery|Romance|Thriller,CN,4.0
faikenfq,Kung Phooey!,Comedy,ID,3.6
cwhittakerfr,Spring Subway,Drama|Romance,CN,1.3
dcoullingfs,"Quare Fellow, The (a.k.a. The Condemned Man)",Drama,ID,3.8
dvarleyft,Our Vines Have Tender Grapes,Drama,CD,4.1
bomullenfu,Eat Drink Man Woman (Yin shi nan nu),Comedy|Drama|Romance,CN,0.5
rbrambellfv,Côte d'Azur (Crustacés et coquillages),Comedy|Musical|Romance,GL,0.0
lmatiebefw,Double Dynamite,Comedy|Musical,CN,1.9
apipesfx,Kangaroo Jack,Action|Comedy,CN,1.0
jlumbfy,Dorm Daze (National Lampoon Presents Dorm Daze),Comedy,SE,0.3
krohlffz,Blue Ruin,Thriller,PL,0.1
cnijsseng0,American Pie,Comedy|Romance,CN,2.9
chaylettg1,Grand Theft Parsons,Comedy|Drama,CN,4.1
sdimnageg2,Snake Woman's Curse,Horror,ID,3.6
lclineckg3,Things Behind the Sun,Drama,TH,0.3
ohulsong4,Kicking and Screaming,Comedy|Drama,IR,0.2
lcorragang5,Noam Chomsky: Distorted Morality,Documentary,BA,1.2
gheeneyg6,"Makioka Sisters, The (Sasame-yuki)",Drama|Romance,BR,2.8
bclemesg7,Mystery Date,Comedy,GR,2.2
ifriskeyg8,"Zed & Two Noughts, A",Drama,TH,4.4
hallmanng9,"Queen of Spades, The",Drama|Horror,CN,2.9
rbaystingga,"Reckoning, The",Drama,ZA,2.1
hescrittgb,Crime of Passion,Crime|Drama|Film-Noir,CN,3.6
npaumiergc,When Willie Comes Marching Home,Comedy|War,AO,3.7
vstylegd,"Room with a View, A",Drama|Romance,MU,4.1
tdegoege,"Fairly Odd Movie: Grow Up, Timmy Turner!, A",Children|Fantasy,KG,0.0
tgriffithsgf,Days and Nights in the Forest (Aranyer Din Ratri),Drama,IR,3.6
atailbygg,Bend of the River,Western,CN,4.3
rviveashgh,Innocence,Adventure|Fantasy|Horror,CN,0.5
eweedengi,Broadway Melody of 1938,Musical|Romance,SE,2.4
nbalchgj,Back to the Future Part II,Adventure|Comedy|Sci-Fi,PH,1.7
tspurgk,Four Minutes (Vier Minuten),Drama,GT,2.9
ftorrejongl,Amira & Sam,Comedy|Drama|Romance,MA,2.0
mpilfoldgm,"Truth of Lie, The (Die Wahrheit der Lüge)",Drama|Thriller,PT,1.1
wscimonegn,Shut Up and Play the Hits,Documentary,PL,2.3
fdigginsgo,Unbeatable (Ji zhan),Action|Drama,CN,2.6
epavolinigp,Flickering Lights (Blinkende lygter),Action|Comedy|Crime,AR,0.6
adalligangq,"Dark House, The (Dom zly)",Crime|Drama|Thriller,CN,4.8
agoffordgr,Trouble the Water,Documentary,IL,5.0
jnapletongs,Johns,Drama,TH,2.4
amcglonegt,Santa Claus Conquers the Martians,Fantasy|Sci-Fi,UY,4.2
skennongu,Bully,Documentary,PL,0.6
kcanninggv,Faust,Animation|Comedy|Thriller,NO,4.2
blastygw,"Reef, The",Drama|Horror|Thriller,ET,3.4
jormondegx,Jönssonligan spelar högt,Comedy,SE,4.3
henefergy,"Black Waters of Echo's Pond, The",Fantasy|Horror|Thriller,CN,2.0
akretschmergz,"Place Beyond the Pines, The",Crime|Drama,CN,0.6
sdillwayh0,"Godfather, The",Crime|Drama,UA,0.7
kmeadeh1,Pauline détective,Comedy,CN,1.7
vswiffanh2,Sleep Tight (Mientras duermes),Horror|Thriller,CN,0.3
rjobesh3,Hands Over the City (Le mani sulla città),Drama,RU,0.2
tbathoeh4,"Invisible Ray, The",Horror|Sci-Fi,US,0.4
cjurkowskih5,"Unsinkable Molly Brown, The",Musical,CN,1.1
kkennardh6,Matrimonial Comedy (Komedia malzenska),Comedy,GR,0.5
dsictornesh7,Pianomania,Documentary,CN,3.0
edobrowolskih8,Boyz N the Hood,Crime|Drama,FR,4.8
swhitfeldh9,Mighty Uke,Documentary,BI,0.8
fpechanha,Redacted,Action|Crime|Drama|War,PH,2.0
gclemensenhb,Merlin,Action|Adventure|Drama|Fantasy|Romance,PH,1.2
cbrodneckehc,Streets of Blood,Action|Thriller,CZ,4.2
vkalinowskyhd,"Murder, He Says",Comedy,RU,4.3
gsindallhe,Fracture,Crime|Drama|Mystery|Thriller,PH,0.7
dbaulcombehf,Tongan Ninja,Action|Adventure|Comedy,VN,0.6
middienshg,Undisputed III: Redemption,Action|Crime|Drama,RU,4.2
rcastertonhh,"Italian Job, The",Action|Comedy|Crime,BR,2.6
msiggeehi,Ziegfeld Follies,Comedy|Musical,ID,2.2
dinstrellhj,Bicycle Thieves (a.k.a. The Bicycle Thief) (a.k.a. The Bicycle Thieves) (Ladri di biciclette),Drama,CO,3.1
ehakonssonhk,97 Percent True,Documentary,PY,2.3
ahanfreyhl,Girls Against Boys ,Crime|Thriller,CZ,2.5
mbygravehm,Waste Land,Documentary,CA,0.3
lrumboldhn,"Good Woman, A",Comedy|Drama|Romance,PA,4.7
chawksbyho,"Fine Madness, A",Comedy|Drama|Romance,PH,1.6
awaddilowhp,In the Bedroom,Drama,PH,3.1
gwilkeshq,"Man in the Iron Mask, The",Action|Adventure|Drama,SE,3.8
gpetriehr,Hamlet,Drama,PK,1.0
rchecchetellihs,"Tsatsiki, Morsan och Polisen",Drama,SE,1.7
hrobertssonht,Ghost in the Shell Arise - Border 1: Ghost Pain,Action|Animation|Sci-Fi,US,1.6
kfrenchhu,Guilty Hearts,Drama,ID,3.5
dkenanhv,"Delicate Art of Parking, The",Comedy,RU,2.7
sechallierhw,Vital Signs,Drama,ID,4.9
zslipperhx,Abe Lincoln in Illinois,Drama,TH,2.0
mfrankumhy,"Man Apart, A",Action|Crime|Drama|Thriller,BO,3.6
okupkahz,Behold a Pale Horse,Drama|War,ID,2.2
apetrilloi0,Bus 174 (Ônibus 174),Crime|Documentary,PT,2.8
jcamberi1,Another 48 Hrs.,Action|Comedy|Crime|Drama|Thriller,KZ,2.8
sbiesingeri2,2012: Time for Change,Animation|Documentary,FI,2.9
msailli3,Turbo,Adventure|Animation|Children|Comedy|Fantasy,AZ,0.1
lbaxi4,Frozen Hell (Jäämarssi) ,Documentary|War,PH,2.7
mjayei5,Pete 'n' Tillie,Comedy|Drama,CX,2.9
sblunsumi6,Code Name: The Cleaner,Action|Comedy|Crime,CN,2.5
skillbeyi7,"Counterfeit Coin, The (Istoria mias kalpikis liras)",Comedy|Drama|Film-Noir|Romance,SE,4.9
obaythropi8,"Man Who Came to Dinner, The",Comedy,ID,0.7
bcortesei9,Romance on the High Seas,Comedy|Musical|Romance,PK,0.3
briversia,8MM,Drama|Mystery|Thriller,ZA,0.2
hrochewellib,Picnic at Hanging Rock,Drama|Mystery,FR,4.1
mbaumeic,"Covenant, The",Action|Horror|Thriller,ID,1.1
horhrtid,Music for One Apartment and Six Drummers,Comedy,AR,4.6
hbuscombeie,Sitting Bull,Western,VN,1.4
dwallasif,Madadayo (a.k.a. Not Yet),Drama,SE,4.9
mcarpmileig,Herbie Rides Again,Adventure|Children|Comedy,CN,4.9
mvasicih,"Hammer, The",Drama,LY,1.9
bortnerii,Rhythm of a Crime (Ritam zlocina),Crime|Drama,PH,1.8
ltichelaarij,Still Crazy,Comedy|Romance,PL,3.3
bjurischik,Old Men in New Cars (Gamle mænd i nye biler),Action|Comedy,CN,2.6
gmarianil,Backtrack (Catchfire),Action|Drama|Thriller,ID,4.3
msmooteim,"Song of Ceylon, The",Documentary,TN,4.5
jracinein,Crips and Bloods: Made in America,Documentary,PL,4.3
abonninio,"Hacks (Sink or Swim) (Big Twist, The)",Comedy|Mystery,CN,0.2
jhasserip,"Red Shoes, The (Bunhongsin)",Drama|Horror|Mystery,TD,3.6
fmingetiq,Kate & Leopold,Comedy|Romance,PL,0.9
unapoleoneir,Charlie Chan in Honolulu,Comedy|Crime|Horror|Mystery|Thriller,PH,2.4
ghowlingis,"Fort Apache, the Bronx",Action|Drama,RU,3.7
ldelaprelleit,Christmas on Mars,Sci-Fi,ID,4.3
achewteriu,Down From the Mountain,Documentary,CN,1.0
neasoniv,"Clean, Shaven",Crime|Drama,NE,4.6
lclausseniw,The Blood of Fu Manchu,Adventure|Crime|Horror,PE,1.8
idoveix,"Great Ecstasy of Robert Carmichael, The",Drama|Horror,PH,1.0
mburndrediy,Artois the Goat,Comedy,CN,1.6
ghardiiz,A One-Way Trip to Antibes,Drama,RS,1.9
mdodgsonj0,Pusher II: With Blood on My Hands,Action|Crime|Drama|Thriller,HR,0.6
jgrundonj1,"Profession of Arms, The (Il mestiere delle armi)",Adventure|Drama|War,CN,1.8
mspancockj2,"Objective, The",Horror|Sci-Fi|Thriller|War,ID,2.7
ccordesj3,Warsaw Bridge (Pont de Varsòvia),(no genres listed),PH,1.9
ssimoensj4,Crazy Beautiful You,(no genres listed),PH,0.4
gkirkpatrickj5,"Reluctant Dragon, The",Animation|Comedy,RU,4.8
bopferj6,Ice Soldiers,Action|Sci-Fi,ID,0.6
tbulfootj7,Tyler Perry's A Madea Christmas,Comedy,IE,3.7
btruesdalej8,Car Wash,Comedy,US,1.5
ccatterellj9,"Young Black Stallion, The",Adventure|Children|Drama,PT,0.3
sbuntja,Lionheart,Action,FI,1.3
bbavinjb,Grand Masti,Comedy|Drama|Romance,CN,4.8
clatorrejc,Santa Claus: The Movie,Adventure|Children|Fantasy,CR,1.0
haldenjd,American Hustle,Crime|Drama,PT,3.0
gcullinanje,My Boy Jack,Drama|War,CN,0.5
fcradyjf,À l'aventure,Drama,ID,0.2
mtabourinjg,"Show, The",Documentary,PK,1.5
chasnipjh,"Avengers, The",Action|Adventure|Sci-Fi|IMAX,KZ,4.0
fdrinkhallji,Jacques Brel Is Alive and Well and Living in Paris,Musical,MX,1.4
cdragejj,Beck - Öga för öga,(no genres listed),BR,3.2
dworboyjk,Wild Rovers,Western,CN,2.6
dstockportjl,Moonlight Murder,Mystery,CN,1.4
kphibbjm,Never Ever! (Nigdy w zyciu!),Comedy|Romance,CN,0.8
bpovahjn,Sweetwater,Thriller|Western,BD,0.1
sgravestonjo,Atlantic City,Crime|Drama|Romance,BY,3.9
vnasseyjp,Dating Games People Play,Comedy,CH,4.7
btadlowjq,Troll 2,Fantasy|Horror,CM,0.6
otansliejr,The Gold Spinners,Documentary,NC,3.9
tliddardjs,State and Main,Comedy|Drama,PT,4.9
ccrewjt,Atlas Shrugged: Part 1,Drama|Mystery|Sci-Fi,JP,2.3
gmorforthju,Paranoia,Drama|Thriller,CN,3.2
tdurbanjv,"Last Metro, The (Dernier métro, Le)",Drama|Romance,FI,1.3
ccongrevejw,Fitna,Documentary,RU,2.6
ckieranjx,Kronos,Sci-Fi,ID,2.8
ahaslewoodjy,Storm Rider,Drama,LK,3.6
chinkinsjz,Senso,Drama|Romance|War,SY,3.9
obesantk0,"Brøken, The (a.k.a. Broken, The)",Drama|Horror|Thriller,CN,0.7
deykelboschk1,Sasquatch: The Legend of Bigfoot,Adventure|Mystery,NL,3.2
mpulmank2,Leather Jacket Love Story,Drama|Romance,CN,2.6
pmedinak3,Private Property (Nue propriété),Drama,CN,2.9
jtomichk4,"Union, The",Documentary,CN,3.7
sbozworthk5,"Bodyguard, The (Karate Kiba)",Action|Crime|Drama,CN,4.8
cpeckhamk6,Hobson's Choice,Comedy|Drama|Romance,PL,2.6
mellsworthek7,This Island Earth,Sci-Fi,HT,1.8
drappsk8,Night Tide,Drama,AM,3.1
bbashamk9,"Incredible Mr. Limpet, The",Animation|Comedy|War,NG,1.6
ctheobaldska,Forgetting the Girl,Drama,CN,4.5
cbulbrookkb,Angel Heart,Film-Noir|Horror|Mystery|Thriller,HR,1.2
vthomingakc,Carnage,Comedy|Drama,CZ,3.1
rcallendarkd,Must Have Been Love,Drama|Romance,ID,5.0
sbinesteadke,Paid in Full,Action|Drama,SE,5.0
mfeiferkf,Sorority Row,Horror|Thriller,PE,1.7
acaccavellakg,Wayne's World 2,Comedy,PE,3.6
hcollisterkh,Spider-Man,Action|Adventure|Sci-Fi|Thriller,NG,2.3
adewki,Dead Set,Comedy|Drama|Horror,ID,0.8
lgeroldinikj,Paper Planes,Children,ES,0.1
sbeldersonkk,Jamie Marks Is Dead,Drama|Thriller,PH,2.4
rcearleykl,"Manitou, The",Horror,IR,1.6
lstationkm,Big Fish,Drama|Fantasy|Romance,CN,2.4
dcashkn,Orphans of the Storm,Drama,JP,5.0
tsiddonko,Ferocious,Crime|Thriller,AF,1.9
alippardkp,And Starring Pancho Villa as Himself,Action|Comedy|Drama|War,LT,1.2
htwentymankq,Waitress,Comedy|Drama|Romance,AL,1.1
nkeddykr,"Bodyguard, The (Karate Kiba)",Action|Crime|Drama,FR,1.5
afardoks,"Widow of St. Pierre, The (Veuve de Saint-Pierre, La)",Drama|Romance,PH,0.9
hsemarkekt,"Witches of Eastwick, The",Comedy|Fantasy|Horror|Thriller,UA,2.8
ldaymondku,Fortress,Action|Sci-Fi,MY,2.0
babbykv,Ellie Parker,Comedy|Drama,ID,3.3
tethingtonkw,Spider Lilies (Ci qing),Drama|Romance,ID,4.5
wlawdhamkx,Cold Fever (Á köldum klaka),Comedy|Drama,RU,1.4
lgherardelliky,Skeletons,Comedy|Fantasy,ID,5.0
gcastonkz,April Showers,Drama,NI,3.4
ccritzenl0,Over My Dead Body,Comedy|Fantasy|Romance,SE,2.8
corpwoodl1,"Sixth Sense, The",Drama|Horror|Mystery,ID,0.5
fshallowl2,"Naughty Room, The",Comedy|Drama,CN,2.7
alaphaml3,"Naughty Room, The",Comedy|Drama,RU,4.5
mputtl4,Another Cinderella Story,Children|Comedy|Musical|Romance,DM,1.4
vbachmanl5,Adrift (À Deriva),Drama,AR,1.8
lcurnokkl6,Malèna,Drama|Romance|War,KW,2.7
hcrooksl7,"Indian Tomb, The (Das indische Grabmal)",Adventure,VN,4.0
mmuzzillol8,"Padrecito, El (Little Priest)",Comedy|Drama,SE,0.9
pmarhaml9,We Are the Best! (Vi är bäst!),Children|Comedy|Drama,ID,2.8
kbrophyla,A Walk in the Old City of Warsaw,Documentary,US,1.4
emetterickelb,"Look, Up in the Sky! The Amazing Story of Superman",Documentary,BA,0.2
gbamburylc,Dirty Pictures,Drama,CN,4.8
etimbyld,"Amish Murder, An",Action|Crime|Drama,ID,2.3
pcrotchle,Hours,Drama|Thriller,GT,1.4
oweetchlf,Kingpin,Comedy,PH,3.9
nkarolovskylg,India (Indien),Comedy|Drama,BR,1.8
ktedahllh,Blind Horizon,Drama|Thriller,ID,1.2
fdeeganli,"Hairdresser's Husband, The (Le mari de la coiffeuse)",Comedy|Drama|Romance,CZ,0.1
dscreetonlj,Amnèsia,Comedy|Crime|Drama,PH,2.2
acollimorelk,Silkwood,Drama,CA,2.9
dglencroschell,Breakfast on Pluto,Comedy|Drama,PH,2.6
fpeetelm,Chase a Crooked Shadow,Crime|Film-Noir|Mystery|Thriller,CN,0.2
pgeggieln,Police Academy,Comedy|Crime,ID,2.0
jpicardlo,Idle Hands,Comedy|Horror,RU,4.6
bboguelp,The Noble Family,Comedy,FR,4.1
pmattealq,Tremors,Comedy|Horror|Sci-Fi,TN,2.6
klinnanelr,Scary Movie 4,Comedy|Horror,FR,4.6
lbaileyls,"Navigator, The",Comedy,ID,3.7
dsyversenlt,"Hitchhiker's Guide to the Galaxy, The",Adventure|Comedy|Sci-Fi,IR,1.5
dbalsdonlu,Godzilla Raids Again (Gojira no gyakushû),Action|Drama|Horror|Romance|Sci-Fi,NG,0.4
kmccallionlv,"Innocent, The",Drama,SS,4.8
bscotfurthlw,Anger Management,Comedy,CN,0.2
rgittoeslx,Gasht-e ershad,Comedy|Crime|Drama|Romance,BR,0.8
acolebeckly,Backflash (Backflash Blues),Action|Crime|Drama|Thriller,RU,1.4
gsypluslz,Emma,Comedy|Drama|Romance,AR,2.0
mfominovm0,Drop Dead Fred,Comedy|Fantasy,CN,3.9
ggrinishinm1,Something in the Air (Apres Mai),Action|Drama,SE,4.2
gkidderm2,"Kiss, The",Horror,UY,1.0
rmaccarterm3,O Último Mergulho,Drama,ID,1.9
dlindermannm4,Dark Shadows,Comedy|Horror|IMAX,PH,1.7
jvandersonm5,B. Monkey,Crime|Romance|Thriller,MG,4.4
hilyasm6,Jennifer 8,Mystery|Thriller,CN,1.9
nseppeym7,And You Thought Your Parents Were Weird,Children|Comedy|Sci-Fi,KM,1.6
fleiferm8,Enter the Void,Drama,CO,1.6
mgreetlandm9,Forces of Nature,Comedy|Romance,RS,2.2
rchaddertonma,"3 Worlds of Gulliver, The",Adventure|Fantasy,US,3.8
csilwoodmb,"Bleeding House, The",Drama|Horror|Mystery|Thriller,MX,4.0
lbarbymc,Don't Go Near the Water,Adventure|Comedy|Romance,CN,2.7
hfittismd,Quatre garçons pleins d'avenir,Comedy,UA,0.8
sborgnolme,1981,Comedy|Drama|Romance,CO,1.9
mbumpasmf,"Incredible Journey, The",Adventure|Children,UY,4.6
acuffleymg,Dragon Lord (a.k.a. Dragon Strike) (Long Xiao Ye),Action,NO,1.0
emoquinmh,Passion of Love (Passione d'amore),Drama|Romance,FR,1.4
kdroganmi,Backflash (Backflash Blues),Action|Crime|Drama|Thriller,PL,0.3
lparmleymj,Road to Nowhere,Romance|Thriller,IT,1.6
sorrymk,"Great Beauty, The (Grande Bellezza, La)",Comedy|Drama,ID,1.2
ktarteml,Batman: Gotham Knight,Action|Animation|Crime,PH,4.2
pmaccaddiemm,Bummer (Bumer),Action|Drama|Thriller,PT,4.7
gcrissilmn,Red Planet,Action|Sci-Fi|Thriller,RU,2.2
pmccorkindalemo,Six Degrees of Separation,Drama,CN,0.7
kserrelsmp,Attack of the 50 Foot Woman,Comedy|Sci-Fi,CN,4.9
dfaulknermq,Eden of the East the Movie I: The King of Eden (Higashi no Eden Gekijoban),Action|Animation|Crime|Sci-Fi|Thriller,ID,0.2
tpesselmr,Madison,Drama,UA,0.5
aocuolahanms,"Secret of Moonacre, The",Adventure|Fantasy|Romance,MA,1.8
sdyballmt,Chasing Beauty,Documentary,ID,3.1
tsieghartmu,"Ghidorah, the Three-Headed Monster (San daikaijû: Chikyû saidai no kessen)",Action|Adventure|Fantasy|Sci-Fi,BR,1.3
dpeemv,Babette's Feast (Babettes gæstebud),Drama,ID,1.0
atarquinimw,One Way Boogie Woogie,Documentary,BR,2.9
rlockleymx,Bakhita,Drama,TH,1.9
elabrouemy,Santa Claus Is a Stinker (Le Père Noël est une ordure),Comedy,FO,1.7
acasebornemz,Cutlet for Three (Ein Schnitzel für drei),Comedy,ID,1.3
etrahearnn0,The Day I Saw Your Heart,Comedy|Drama,GE,4.9
rmelinn1,33 Postcards,Drama,NP,1.5
bfakeleyn2,Never Sleep Again: The Elm Street Legacy,Documentary,MT,2.9
cfluryn3,"Country Girl, The",Drama,US,2.1
esharern4,Over Your Cities Grass Will Grow,Documentary,MX,4.7
orhulen5,"Sterile Cuckoo, The",Comedy|Drama,ID,4.6
jeingerfieldn6,Winter Nomads,Documentary,ID,1.0
tmillionn7,Den enskilde medborgaren,Comedy,PL,3.5
dhamsheren8,Come Out and Play,Horror,BA,0.4
bnorcuttn9,"Subject Was Roses, The",Drama,CN,4.6
jskynerna,Live Nude Girls Unite!,Documentary,LU,4.7
dklaggesnb,Cinderella II: Dreams Come True,Animation|Children|Fantasy,ID,4.5
ahammelbergnc,Body Count,Comedy|Crime|Drama|Thriller,GR,1.1
stownshendnd,Evita,Drama|Musical,CN,0.5
taleshkovne,The Last Round,Action|Thriller,ID,4.4
amccriskennf,"Hunger Games, The",Action|Adventure|Drama|Sci-Fi|Thriller,CN,3.8
wgilhooleyng,Colour Me Kubrick: A True...ish Story,Comedy|Drama,CN,2.5
sstenninenh,Don Verdean,Comedy,IS,4.3
mpatryni,December Boys,Drama,PT,2.8
bfolbigenj,Solo,Action|Sci-Fi|Thriller,CN,3.1
ssacchettink,Short Term 12,Drama,PL,4.9
lyarhamnl,United 93,Crime|Drama,RU,2.0
kswatheridgenm,Anastasia,Adventure|Animation|Children|Drama|Musical,CZ,0.2
dwaplingtonnn,"Benny Goodman Story, The",Drama|Musical,CN,4.5
lbenoyno,"Age of the Earth, The (A Idade da Terra)",(no genres listed),PT,0.2
kgouchnp,Scaramouche,Adventure|Romance,ID,4.9
astephensonnq,Metroland,Comedy|Drama,AM,1.6
lcastagnenr,Matchstick Men,Comedy|Crime|Drama,CI,4.4
cdultonns,Out of Mind: The Stories of H.P. Lovecraft,Fantasy|Horror,CN,0.6
ftanguynt,"Dance of Reality, The (Danza de la realidad, La)",Drama|Fantasy,UA,0.8
bcheavinnu,Driven,Action|Thriller,RU,3.8
dhenckenv,"Cousins, The (Cousins, Les)",Drama|Romance,JP,0.0
agossagenw,Somewhere,Drama,EG,4.6
spetonx,Madigan,Crime|Drama,CN,1.4
hdoughteryny,"Ballad of Cable Hogue, The",Comedy|Western,GR,0.3
bnormavillenz,"Last Shot, The",Comedy,TL,0.0
hmacmichaelo0,Jurassic Park,Action|Adventure|Sci-Fi|Thriller,PL,3.9
lthorogoodo1,"Corporation, The",Documentary,IR,2.3
shodgono2,"Foreign Affair, A",Comedy|Romance,PT,1.1
tyurkiewiczo3,Nobody,Comedy,TW,1.8
cshelleyo4,Timber Falls,Horror|Thriller,ID,0.7
dabramso5,Twentynine Palms,Drama|Horror,UA,4.9
etivoliero6,Goddess (Devi),Drama,CZ,1.6
sparro7,"Big Knife, The",Film-Noir,US,0.5
kraynero8,Glenn Killing på Berns,Comedy,PT,4.9
gabbayo9,"Congress, The",Documentary,TH,2.3
hpennialloa,Come Have Coffee with Us,Comedy,CN,0.8
msandaverob,Foxfire,Drama,FR,2.3
sdowzelloc,Short Term 12,Drama,PH,1.3
dgasperood,Elena and Her Men (Paris Does Strange Things) (Elena et les hommes),Comedy|Drama|Romance,NZ,3.9
ghurrenoe,"You, the Living (Du levande)",Comedy|Drama|Musical,SE,0.8
amulveyof,"Cat and the Canary, The",Horror|Mystery,RU,0.9
tsheachog,Let the Good Times Roll,Documentary,UA,2.0
rplaydenoh,Barton Fink,Drama|Thriller,CN,1.7
hlabbatioi,Rush Hour,Action|Comedy|Crime|Thriller,RU,0.4
tdesforgesoj,Sheena,Action|Adventure|Fantasy,TH,3.0
oalmeyok,"Warm December, A",Drama|Romance,CN,4.6
bdickyol,"My Wife, A Body to Love",(no genres listed),CN,2.9
msalleirom,That Thing You Do!,Comedy|Drama,BY,2.9
croscampson,Fire and Ice,Adventure|Fantasy,CN,2.1
mberreclothoo,All the Right Moves,Drama|Romance,LT,1.2
hleethemop,"Holy Girl, The (Niña santa, La)",Drama,ID,4.1
rcamousoq,Addicted to Plastic,Documentary,FI,2.6
jdinehartor,"Herod's Law (Ley de Herodes, La)",Comedy|Crime|Mystery,CN,4.8
scourteseos,Damn Yankees!,Comedy|Musical,MX,2.3
egotlingot,In the Heart of the Sea,Action|Adventure|Drama,CN,1.9
etregidgoou,33 Scenes from Life (33 sceny z zycia),Drama,AL,4.2
aclohiseyov,"Maybe, Maybe Not (Bewegte Mann, Der)",Comedy,BR,0.0
gburchnallow,Nurse 3D,Horror|Thriller,PH,3.1
gbendixenox,Cold Turkey,Comedy,ID,3.5
lsteaneoy,Perfume,Comedy|Drama,ID,4.8
mhinrichoz,Wodehouse In Exile,Drama,CN,3.6
jtrewhittp0,Blood for Dracula (Andy Warhol's Dracula),Horror,ID,0.8
amaccleayp1,"One, Two, Three",Comedy,TH,0.3
ssouthwickp2,"Disappearance of Eleanor Rigby: Them, The",Drama,CN,0.4
clangp3,Big Nothing,Comedy|Crime|Thriller,ID,4.2
hmadelinp4,"Betrayed, The",Crime|Drama|Mystery|Thriller,ID,0.9
bmcturleyp5,"Bridesmaid, The (Demoiselle d'honneur, La)",Drama|Romance|Thriller,CA,2.8
cmackelworthp6,Good Time Max,Drama,CN,3.1
awintringhamp7,"Nutty Professor, The",Comedy|Fantasy|Romance|Sci-Fi,CN,3.1
sraglesp8,Good Old Daze (Le péril jeune),Comedy|Drama,SE,0.9
aaslump9,Taking Off,Comedy|Drama,HN,3.2
bmcboylepa,Changing Lanes,Drama|Thriller,CN,4.9
thanlinpb,Fist of the North Star,Action|Animation,CN,1.9
sknutsenpc,Dead Space: Downfall,Action|Animation|Sci-Fi,CR,1.5
asilverthornepd,Bill Bailey: Tinselworm,Comedy|Documentary,ZA,0.3
ccrisellpe,Lascars,Animation|Comedy,ID,0.4
pwhapplespf,Intimacy,Drama,ID,0.9
iscrinepg,À nos amours,Drama|Romance,FR,1.3
aangersteinph,Guest of Cindy Sherman,Documentary,PT,4.1
searengeypi,They Bite,Comedy|Horror|Sci-Fi,CZ,3.5
eshillpj,Jonestown: Paradise Lost,Documentary,CA,0.8
sheathornpk,Nights and Weekends,Drama,VN,4.4
jhaythornepl,Chapter Two,Comedy|Drama|Romance,ID,0.3
mwynesspm,"Cost of Living, The (Le coût de la vie)",Comedy,CN,1.7
spuckrinpn,Asylum Blackout,Horror|Thriller,PH,1.4
dsebertpo,Lan Yu,Drama|Romance,DO,1.1
ssreenanpp,"Pancho, the Millionaire Dog",Children|Comedy,RU,2.6
hphantpq,20 Million Miles to Earth,Sci-Fi,AR,1.0
wsnowballpr,Postcards From the Edge,Comedy|Drama,AR,2.2
cwilkowskips,Bone,Comedy,PL,1.5
mdrinkwaterpt,College,Comedy,KH,2.2
gjosefsonpu,"Reluctant Fundamentalist, The",Drama,CA,0.9
egiacomipv,If You Love (Jos rakastat),Drama|Musical|Romance,CN,4.5
esuattpw,We Were Soldiers,Action|Drama|War,FR,1.6
gschnitterpx,In the Line of Fire,Action|Thriller,ID,3.3
bsnowdonpy,Harvest,Drama,FR,2.4
chavillepz,Butterfly on a Wheel (Shattered),Crime|Drama|Thriller,CN,4.8
sleattq0,"Cinderella Story, A",Comedy|Romance,VE,4.6
rgriniovq1,"Englishman Who Went Up a Hill But Came Down a Mountain, The",Comedy|Romance,RU,1.3
obalineq2,We Always Lie to Strangers,(no genres listed),KZ,4.4
sducrowq3,The Great Raid,Action|Drama|War,CN,3.8
lcharnleyq4,Face to Face (Ansikte mot ansikte),Drama|Fantasy|Horror|Mystery,CN,0.4
sterryq5,Les Feux Arctiques (Arktiset tulet),Documentary|Drama,CN,2.0
sdrinkelq6,Blue Gate Crossing (Lan se da men),Drama|Romance,HN,4.9
miannuzzelliq7,That Uncertain Feeling,Comedy,RU,2.2
reklessq8,Helen,Drama,GB,2.3
feaglestoneq9,Harry and Tonto,Comedy|Drama,ID,2.5
rdaveyqa,Pot v raj,(no genres listed),LC,3.1
bperonqb,Stuck Between Stations,Comedy|Drama|Romance,EE,3.3
djordesonqc,"Very Potter Sequel, A",Comedy|Musical,HR,3.6
sbealesqd,Afghan Luke,Drama,BJ,0.2
cfarrimondqe,Haute Cuisine,Drama,ID,2.0
avanderhovenqf,Visions of Light: The Art of Cinematography,Documentary,CA,3.0
cnervalqg,When Willie Comes Marching Home,Comedy|War,ID,4.3
bgluyasqh,For Love or Country: The Arturo Sandoval Story,Drama|Musical,HR,2.6
dagutterqi,Out of Africa,Drama|Romance,SE,3.9
plinsteadqj,Bitter Sweet,Drama|Musical|Romance,US,3.5
lmarcinkowskiqk,S.W.A.T.: Firefight,Action|Crime|Thriller,RU,0.6
lgabbatissql,Results,Comedy|Romance,MN,2.5
fcanetqm,Last Stop for Paul,Comedy,RU,0.6
ekoppqn,Rugrats in Paris: The Movie,Animation|Children|Comedy,CL,3.0
tjimenezqo,Hungry Hill,Drama,CO,2.8
fgiacaponiqp,"Reckoning, The",Crime|Drama,PH,3.6
mpenwellqq,"Revolution Will Not Be Televised, The (a.k.a. Chavez: Inside the Coup)",Documentary,BR,4.7
lgeldefordqr,The Cruel Sea,Drama|War,NG,3.1
ewincottqs,Abendland,Documentary,ZA,2.6
stabbqt,Beyond the Poseidon Adventure,Adventure,ID,2.1
bsouthornqu,Snake and Crane Arts of Shaolin (She hao ba bu),Action|Drama,NL,2.2
rgrevattqv,Return to Snowy River (a.k.a. The Man From Snowy River II),Adventure|Drama|Western,ID,3.1
dreedeqw,I Love Your Work,Drama|Mystery,MG,2.6
nhayleqx,Water,Drama|Romance,CN,0.6
akanzlerqy,Coldblooded,Comedy,PT,0.8
adominiqueqz,"Guard Post, The (G.P. 506)",Horror,RS,4.9
wstilingr0,"Chorus, The (Choristes, Les)",Drama,AU,0.2
rlosanor1,"Onion Field, The",Drama,PT,1.7
apeytonr2,Do You Wanna Know a Secret?,Horror|Mystery|Thriller,MX,3.3
aosbidstonr3,Day of the Animals,Horror|Thriller,CN,2.6
nbedfordr4,The Wonders,Drama,ID,2.6
ajorissenr5,Outsider,Drama,PH,2.2
hocollopyr6,Undisputed,Drama,PE,3.2
scarstairsr7,Rasmus på luffen,Children,CN,3.5
emacknessr8,"Toxic Avenger, Part II, The",Comedy|Horror,LU,0.3
espearingr9,Kronos,Sci-Fi,ID,2.3
egavozzira,"Corsican File, The (L'enquête corse)",Action|Comedy|Crime,BR,1.6
cthreadgallrb,Futureworld,Sci-Fi|Thriller,PT,2.3
avandevliesrc,"Royal Tenenbaums, The",Comedy|Drama,MT,4.7
swattonrd,Dracula,Horror|Romance,UA,2.9
awoolenre,Dakota Skye,Drama|Romance,KP,1.6
dcrohanrf,Special Forces (Forces spéciales),Action|Drama|War,PL,4.7
nberryannrg,Setup (Set Up),Action|Crime|Drama,CN,4.2
nskeeterh,"7th Dawn, The",Adventure|Drama|War,ZM,3.4
llammersri,"Shout, The",Drama|Horror,ID,1.0
gcoltonrj,Heavy Metal in Baghdad,Documentary|Musical|War,US,1.4
bcayfordrk,Hallåhallå,Comedy,ES,1.8
palliotrl,Searching for Bobby Fischer,Drama,CN,1.2
daupolrm,Shogun Assassin,Action|Adventure,AR,2.8
fjeffressrn,Maytime,Drama|Musical|Romance,PL,3.2
ldougillro,"Princess Diaries 2: Royal Engagement, The",Comedy|Romance,PK,2.9
swhaplingtonrp,Operator 13,Drama|Romance|War,PL,0.6
hshakeshaftrq,Ghosts of Cité Soleil,Action|Documentary|Drama|Romance|War,PT,4.0
qkolodziejrr,Flash Gordon Conquers the Universe,Action|Sci-Fi,FR,4.3
